Apoapsis,150km ,Inc,0
 
MET,Mode,dV,TWR,Throttle,Pitch,Q,Alt,Apoapsis,Eta:apo,Periapsis,Circ dV,Stage,Staging,Runmode,Parts
0.12,0,2700.93,1.6,0.88,89.97,0,122.08,96.19,0.07,-598435.47,0,1,False,0,18,
0.62,0,2692.37,1.61,0.88,89.87,0.01,123.21,98.02,0.38,-598435.82,0,1,False,0,18,
1.22,0,2682.07,1.61,0.88,89.69,0.02,126.56,103.43,0.75,-598434.88,0,1,False,0,18,
1.82,0,2671.74,1.62,0.88,89.56,0.06,132.1,112.4,1.13,-598433.71,0,1,False,0,18,
2.42,0,2661.38,1.62,0.88,89.42,0.11,139.83,124.99,1.5,-598432.28,0,1,False,0,18,
3,0,2650.98,1.63,0.88,89.26,0.17,149.78,141.23,1.88,-598430.38,0,1,False,0,18,
3.62,0,2640.55,1.64,0.88,89.08,0.26,161.97,161.17,2.27,-598427.93,0,1,False,0,18,
4.2,0,2630.09,1.64,0.88,88.9,0.35,176.39,184.84,2.65,-598424.92,0,1,False,0,18,
4.82,0,2619.6,1.65,0.88,88.71,0.47,193.08,212.3,3.04,-598421.32,0,1,False,0,18,
5.4,0,2609.42,1.65,0.88,88.51,0.59,212.05,243.58,3.43,-598417.12,0,1,False,0,18,
6.02,0,2598.86,1.66,0.88,88.32,0.74,233.3,278.72,3.82,-598412.31,0,1,False,0,18,
6.6,0,2588.26,1.66,0.88,88.12,0.9,256.85,317.75,4.22,-598406.88,0,1,False,0,18,
7.22,0,2577.63,1.67,0.88,87.92,1.08,282.72,360.7,4.61,-598400.81,0,1,False,0,18,
7.8,0,2566.97,1.68,0.88,87.72,1.27,310.91,407.61,5.01,-598394.11,0,1,False,0,18,
8.3,0,2558.42,1.68,0.88,87.55,1.44,335.14,448,5.33,-598388.28,0,1,False,0,18,
8.88,0,2547.33,1.69,0.88,87.35,1.66,367.54,502.1,5.74,-598380.41,0,1,False,0,18,
9.5,0,2536.57,1.69,0.88,87.15,1.9,402.29,560.22,6.14,-598371.87,0,1,False,0,18,
10.1,0,2525.78,1.7,0.88,86.94,2.15,439.4,622.4,6.55,-598362.67,0,1,False,0,18,
10.7,0,2515.31,1.71,0.88,86.74,2.42,478.88,688.64,6.96,-598352.8,0,1,False,0,18,
11.3,0,2504.44,1.72,0.88,86.54,2.7,520.74,758.97,7.36,-598342.24,0,1,False,0,18,
11.9,0,2493.54,1.72,0.88,86.33,2.99,564.98,833.4,7.78,-598331,0,1,False,0,18,
12.5,0,2482.24,1.73,0.88,86.13,3.3,611.61,911.95,8.19,-598319.07,0,1,False,0,18,
13.08,0,2471.63,1.74,0.88,85.92,3.63,660.64,994.63,8.6,-598306.44,0,1,False,0,18,
13.7,0,2460.62,1.74,0.88,85.71,3.96,712.06,1081.44,9.02,-598293.1,0,1,False,0,18,
14.28,0,2449.57,1.75,0.88,85.51,4.31,765.9,1172.4,9.43,-598279.06,0,1,False,0,18,
14.9,0,2438.49,1.76,0.88,85.3,4.67,822.14,1267.5,9.85,-598264.3,0,1,False,0,18,
15.48,0,2427.37,1.77,0.88,85.1,5.05,880.79,1366.76,10.26,-598248.81,0,1,False,0,18,
16.08,0,2416.21,1.77,0.88,84.91,5.42,939.78,1466.65,10.67,-598232.92,0,1,False,2,18,
16.64,0,2405.76,1.78,0.88,84.82,5.78,998.88,1566.75,11.06,-598216.91,0,1,False,2,18,
17.2,0,2395.65,1.79,0.88,84.8,6.15,1060.09,1670.43,11.45,-598201.13,0,1,False,2,18,
17.76,0,2385.14,1.8,0.88,84.58,6.53,1123.4,1777.84,11.84,-598187.25,0,1,False,2,18,
18.32,0,2374.22,1.8,0.88,83.93,6.92,1188.8,1889.05,12.24,-598171.18,0,1,False,2,18,
18.88,0,2364.01,1.81,0.88,83.13,7.32,1256.32,2004.14,12.63,-598151.18,0,1,False,2,18,
19.44,0,2353.4,1.82,0.88,82.35,7.73,1325.95,2122.63,13.03,-598127.96,0,1,False,2,18,
20,0,2342.75,1.83,0.88,81.6,8.14,1397.69,2244.24,13.42,-598101.98,0,1,False,2,18,
20.56,0,2332.07,1.83,0.88,80.89,8.55,1471.51,2368.91,13.81,-598073.29,0,1,False,2,18,
21.12,0,2321.35,1.84,0.88,80.2,8.96,1547.4,2496.63,14.2,-598041.85,0,1,False,2,18,
21.68,0,2310.21,1.85,0.88,79.53,9.37,1625.32,2627.32,14.58,-598007.58,0,1,False,2,18,
22.24,0,2299.43,1.86,0.88,78.87,9.79,1705.27,2760.99,14.96,-597970.52,0,1,False,2,18,
22.8,0,2288.6,1.87,0.88,78.24,10.21,1787.23,2897.6,15.34,-597930.65,0,1,False,2,18,
23.36,0,2277.74,1.87,0.88,77.62,10.63,1871.18,3037.15,15.71,-597888.04,0,1,False,2,18,
23.92,0,2267.24,1.88,0.88,77.03,11.05,1957.1,3179.65,16.08,-597842.72,0,1,False,2,18,
24.46,0,2256.31,1.89,0.88,76.44,11.47,2044.98,3325.08,16.46,-597794.63,0,1,False,2,18,
25.04,0,2244.95,1.9,0.88,75.87,11.89,2134.81,3473.46,16.83,-597743.86,0,1,False,2,18,
25.6,0,2234.34,1.91,0.88,75.31,12.31,2226.57,3624.8,17.19,-597690.44,0,1,False,2,18,
26.16,0,2223.3,1.92,0.88,74.76,12.74,2320.27,3779.09,17.56,-597634.28,0,1,False,2,18,
26.72,0,2212.23,1.93,0.88,74.23,13.16,2415.88,3936.35,17.93,-597575.41,0,1,False,2,18,
27.28,0,2201.12,1.94,0.88,73.7,13.59,2513.41,4096.61,18.3,-597513.87,0,1,False,2,18,
27.84,0,2189.97,1.94,0.88,73.18,14.02,2612.84,4259.88,18.66,-597449.6,0,1,False,2,18,
28.4,0,2178.78,1.95,0.88,72.67,14.45,2714.16,4426.18,19.03,-597382.61,0,1,False,2,18,
28.96,0,2167.55,1.96,0.88,72.16,14.88,2817.38,4595.51,19.39,-597312.84,0,1,False,2,18,
29.52,0,2156.29,1.97,0.88,71.66,15.31,2922.49,4767.89,19.76,-597240.25,0,1,False,2,18,
30.08,0,2144.99,1.98,0.88,71.17,15.74,3029.48,4943.34,20.12,-597164.79,0,1,False,2,18,
30.64,0,2133.65,1.99,0.88,70.68,16.17,3138.36,5121.88,20.49,-597086.43,0,1,False,2,18,
31.2,0,2121.86,2,0.88,70.19,16.6,3249.11,5303.51,20.86,-597005.09,0,1,False,2,18,
31.76,0,2110.85,2.01,0.88,69.71,17.03,3361.74,5488.25,21.22,-596920.74,0,1,False,2,18,
32.32,0,2099.39,2.02,0.88,69.24,17.45,3476.24,5676.13,21.59,-596833.29,0,1,False,2,18,
32.88,0,2087.9,2.03,0.88,68.77,17.88,3592.62,5867.15,21.96,-596742.68,0,1,False,2,18,
33.44,0,2076.36,2.04,0.88,68.3,18.31,3710.86,6061.34,22.33,-596648.82,0,1,False,2,18,
33.98,0,2064.78,2.05,0.88,67.83,18.73,3830.98,6258.7,22.7,-596551.65,0,1,False,2,18,
34.54,0,2053.16,2.06,0.88,67.37,19.15,3952.97,6459.25,23.07,-596451.08,0,1,False,2,18,
35.1,0,2041.09,2.07,0.88,66.91,19.57,4076.82,6663,23.45,-596347.01,0,1,False,2,18,
35.66,0,2029.38,2.08,0.88,66.46,19.99,4202.55,6869.97,23.82,-596239.35,0,1,False,2,18,
36.24,0,2017.64,2.09,0.88,66,20.4,4330.14,7080.16,24.19,-596128,0,1,False,2,18,
36.8,0,2005.85,2.1,0.88,65.55,20.81,4459.6,7293.6,24.57,-596012.87,0,1,False,2,18,
37.36,0,1994.45,2.11,0.88,65.1,21.22,4590.92,7510.29,24.95,-595893.84,0,1,False,2,18,
37.92,0,1982.58,2.12,0.88,64.66,21.62,4724.12,7730.25,25.33,-595770.8,0,1,False,2,18,
38.48,0,1970.67,2.13,0.88,64.21,22.01,4859.18,7953.49,25.71,-595643.67,0,1,False,2,18,
39.02,0,1958.72,2.14,0.88,63.77,22.4,4996.11,8180.03,26.09,-595512.32,0,1,False,2,18,
39.58,0,1946.72,2.15,0.88,63.33,22.79,5134.91,8409.87,26.47,-595376.63,0,1,False,2,18,
40.14,0,1934.68,2.16,0.88,62.89,23.16,5275.57,8642.91,26.85,-595236.54,0,1,False,2,18,
40.7,0,1922.6,2.17,0.88,62.45,23.53,5418.1,8878.62,27.23,-595092.2,0,1,False,2,18,
41.26,0,1910.47,2.18,0.88,62.01,23.88,5562.46,9116,27.61,-594944.06,0,1,False,2,18,
41.82,0,1898.3,2.19,0.88,61.58,24.21,5708.61,9354.05,27.98,-594792.63,0,1,False,2,18,
42.38,0,1885.64,2.2,0.88,61.14,24.51,5856.51,9592.36,28.34,-594638.03,0,1,False,2,18,
42.94,0,1873.81,2.21,0.88,60.71,24.79,6006.09,9830.89,28.69,-594480.25,0,1,False,2,18,
43.52,0,1861.51,2.22,0.88,60.28,25.04,6157.31,10069.76,29.04,-594319.09,0,1,False,2,18,
44.08,0,1849.15,2.24,0.88,59.85,25.27,6310.13,10309.25,29.37,-594154.32,0,1,False,2,18,
44.64,0,1836.75,2.25,0.88,59.42,25.47,6464.49,10549.69,29.7,-593985.64,0,1,False,2,18,
45.2,0,1824.3,2.26,0.88,59,25.67,6620.39,10791.42,30.03,-593812.71,0,1,False,2,18,
45.76,0,1811.81,2.27,0.88,58.58,25.84,6777.78,11034.76,30.36,-593635.24,0,1,False,2,18,
46.32,0,1799.27,2.28,0.88,58.15,26,6936.67,11279.98,30.68,-593452.92,0,1,False,2,18,
46.86,0,1786.68,2.29,0.88,57.73,26.15,7097.05,11527.33,31.01,-593265.45,0,1,False,2,18,
47.42,0,1773.59,2.3,0.88,57.32,26.29,7258.89,11777.01,31.33,-593072.58,0,1,False,2,18,
47.98,0,1760.9,2.32,0.88,56.9,26.42,7422.21,12029.14,31.66,-592874.06,0,1,False,2,18,
48.54,0,1748.62,2.33,0.88,56.48,26.53,7587,12283.86,31.99,-592669.65,0,1,False,2,18,
49.1,0,1735.84,2.34,0.88,56.07,26.64,7753.27,12541.28,32.32,-592459.11,0,1,False,2,18,
49.66,0,1723.01,2.35,0.88,55.66,26.73,7921.01,12801.53,32.65,-592242.17,0,1,False,2,18,
50.22,0,1710.13,2.36,0.88,55.25,26.82,8090.23,13064.65,32.99,-592018.64,0,1,False,2,18,
50.78,0,1697.19,2.38,0.88,54.84,26.89,8260.94,13330.55,33.33,-591788.44,0,1,False,2,18,
51.36,0,1684.21,2.39,0.88,54.43,26.95,8433.13,13599.1,33.67,-591551.52,0,1,False,2,18,
51.9,0,1670.71,2.4,0.88,54.02,26.99,8606.8,13870.31,34.01,-591307.72,0,1,False,2,18,
52.48,0,1658.09,2.41,0.88,53.61,27.02,8781.96,14144.36,34.36,-591056.69,0,1,False,2,18,
53.04,0,1644.95,2.42,0.88,53.21,26.93,8958.61,14421.51,34.7,-590798.02,0,1,False,2,18,
53.6,0,1631.76,2.44,0.88,52.8,26.77,9136.76,14702.06,35.06,-590531.22,0,1,False,2,18,
54.16,0,1618.52,2.45,0.88,52.4,26.61,9316.42,14986.21,35.41,-590255.88,0,1,False,2,18,
54.72,0,1604.75,2.46,0.88,52,26.44,9497.6,15274.16,35.78,-589971.58,0,1,False,2,18,
55.28,0,1591.87,2.48,0.88,51.59,26.27,9680.31,15566.1,36.14,-589677.91,0,1,False,2,18,
55.84,0,1578.47,2.49,0.88,51.19,26.1,9864.59,15862.25,36.52,-589374.41,0,1,False,2,18,
56.4,0,1564.53,2.5,0.88,50.79,25.92,10050.44,16162.82,36.9,-589060.6,0,1,False,2,18,
56.96,0,1551.5,2.51,0.88,50.39,25.74,10237.88,16468.06,37.29,-588735.95,0,1,False,2,18,
57.52,0,1537.45,2.53,0.88,50,25.56,10426.95,16778.21,37.69,-588399.91,0,1,False,2,18,
58.08,0,1524.31,2.54,0.88,49.6,25.38,10617.67,17093.52,38.09,-588051.93,0,1,False,2,18,
58.64,0,1510.63,2.55,0.88,49.2,25.2,10810.05,17414.24,38.51,-587691.4,0,1,False,2,18,
59.2,0,1496.89,2.57,0.88,48.8,25.01,11004.15,17740.61,38.93,-587317.72,0,1,False,2,18,
59.76,0,1482.61,2.58,0.88,48.41,24.83,11199.98,18072.88,39.37,-586930.27,0,1,False,2,18,
60.34,0,1467.76,2.59,0.88,47.98,24.63,11411.75,18435.67,39.84,-586499.1,0,1,False,2,18,
60.9,0,1453.85,2.61,0.88,47.59,24.44,11611.28,18780.91,40.3,-586081.19,0,1,False,2,18,
61.48,0,1439.87,2.62,0.88,47.19,24.24,11812.64,19132.73,40.77,-585647.5,0,1,False,2,18,
62.04,0,1425.84,2.64,0.88,46.8,24.05,12015.88,19491.32,41.25,-585197.39,0,1,False,2,18,
62.58,0,1411.75,2.65,0.88,46.4,23.85,12221.02,19856.84,41.74,-584730.26,0,1,False,2,18,
63.16,0,1397.59,2.66,0.88,46,23.65,12428.1,20229.41,42.25,-584245.55,0,1,False,2,18,
63.72,0,1383.38,2.68,0.88,45.61,23.45,12637.15,20609.09,42.76,-583742.75,0,1,False,2,18,
64.28,0,1369.1,2.69,0.88,45.21,23.24,12848.2,20995.63,43.29,-583221.76,0,1,False,2,18,
64.84,0,1354.77,2.71,0.88,44.82,23.02,13061.27,21388.64,43.83,-582682.63,0,1,False,2,18,
65.4,0,1340.37,2.72,0.88,44.42,22.8,13276.39,21788.02,44.38,-582125.07,0,1,False,2,18,
65.96,0,1325.91,2.74,0.88,44.02,22.57,13493.56,22193.69,44.93,-581548.7,0,1,False,2,18,
66.52,0,1311.38,2.75,0.88,43.63,22.33,13712.81,22605.52,45.49,-580953.18,0,1,False,2,18,
67.08,0,1296.79,2.77,0.88,43.23,22.08,13934.13,23023.36,46.07,-580338.25,0,1,False,2,18,
67.64,0,1282.14,2.78,0.88,42.83,21.82,14157.53,23447.01,46.65,-579703.68,0,1,False,2,18,
68.2,0,1267.42,2.8,0.88,42.43,21.55,14383.02,23876.23,47.23,-579049.31,0,1,False,2,18,
68.76,0,1252.64,2.81,0.88,42.04,21.27,14610.59,24310.83,47.82,-578374.86,0,1,False,2,18,
69.3,0,1237.79,2.83,0.88,41.64,20.98,14840.25,24750.86,48.42,-577679.76,0,1,False,2,18,
69.88,0,1222.87,2.84,0.88,41.24,20.68,15071.99,25196.34,49.03,-576963.39,0,1,False,2,18,
70.44,0,1207.89,2.86,0.88,40.84,20.37,15305.79,25647.33,49.64,-576225.09,0,1,False,2,18,
71,0,1192.83,2.87,0.88,40.44,20.06,15541.67,26103.87,50.26,-575464.21,0,1,False,2,18,
71.56,0,1177.71,2.89,0.88,40.04,19.74,15779.62,26566.02,50.89,-574680.05,0,1,False,2,18,
72.1,0,1162.52,2.91,0.88,39.63,19.42,16019.63,27033.83,51.52,-573871.9,0,1,False,2,18,
72.68,0,1147.81,2.92,0.88,39.23,19.07,16261.69,27507.38,52.16,-573038.98,0,1,False,2,18,
73.24,0,1132.48,2.94,0.88,38.83,18.7,16505.81,27986.79,52.81,-572180.44,0,1,False,2,18,
73.8,0,1117.08,2.95,0.88,38.43,18.34,16751.97,28472.14,53.47,-571295.49,0,1,False,2,18,
74.36,0,1101.05,2.97,0.88,38.03,17.97,17000.17,28963.48,54.14,-570383.31,0,1,False,2,18,
74.92,0,1086.06,2.99,0.88,37.63,17.6,17250.41,29460.9,54.81,-569443.06,0,1,False,2,18,
75.5,0,1069.33,3.01,0.88,37.21,17.22,17511.73,29982.57,55.52,-568438.71,0,1,False,2,18,
76.06,0,1053.68,3.01,0.87,36.81,16.85,17766.09,30490.56,56.21,-567442.61,0,1,False,2,18,
76.62,0,1038.06,3.01,0.87,36.41,16.47,18022.43,31001.45,56.9,-566422.51,0,1,False,2,18,
77.18,0,1022.44,3.01,0.86,36,16.09,18280.71,31515.14,57.6,-565377.86,0,1,False,2,18,
77.74,0,1006.84,3.01,0.86,35.6,15.71,18540.91,32031.6,58.29,-564308.19,0,1,False,2,18,
78.28,0,991.26,3.01,0.85,35.2,15.34,18802.97,32550.8,58.99,-563213.03,0,1,False,2,18,
78.86,0,975.69,3.01,0.85,34.79,14.96,19066.88,33072.68,59.69,-562091.87,0,1,False,2,18,
79.4,0,960.14,3.01,0.84,34.39,14.59,19332.58,33597.19,60.39,-560944.21,0,1,False,2,18,
79.96,0,944.6,3.01,0.84,33.99,14.22,19600.05,34124.28,61.09,-559769.55,0,1,False,2,18,
80.54,0,929.08,3.01,0.83,33.59,13.85,19869.24,34653.91,61.8,-558567.38,0,1,False,2,18,
81.08,0,913.58,3.01,0.83,33.19,13.48,20140.12,35186.05,62.51,-557337.17,0,1,False,2,18,
81.64,0,898.08,3.01,0.82,32.78,13.12,20412.66,35720.66,63.22,-556078.41,0,1,False,2,18,
82.22,0,882.61,3.01,0.82,32.38,12.76,20686.82,36257.71,63.94,-554790.54,0,1,False,2,18,
82.76,0,867.14,3.01,0.82,31.98,12.41,20962.56,36797.19,64.66,-553473.04,0,1,False,2,18,
83.34,0,851.7,3.01,0.81,31.58,12.05,21239.85,37339.08,65.38,-552125.3,0,1,False,2,18,
83.9,0,836.27,3.01,0.81,31.18,11.7,21518.64,37883.4,66.11,-550746.77,0,1,False,2,18,
84.46,0,820.85,3.01,0.8,30.78,11.36,21798.92,38430.15,66.85,-549336.83,0,1,False,2,18,
85.02,0,805.45,3.01,0.8,30.38,11.01,22080.63,38979.33,67.58,-547894.89,0,1,False,2,18,
85.58,0,790.06,3.01,0.79,29.98,10.67,22363.75,39530.96,68.33,-546420.37,0,1,False,2,18,
86.12,0,774.69,3.01,0.79,29.59,10.34,22648.24,40085.03,69.07,-544912.67,0,1,False,2,18,
86.7,0,759.34,3.01,0.78,29.19,10.01,22934.07,40641.57,69.83,-543371.18,0,1,False,2,18,
87.26,0,744,3.01,0.78,28.79,9.69,23221.2,41200.58,70.59,-541795.32,0,1,False,2,18,
87.8,0,728.67,3.01,0.77,28.4,9.38,23509.6,41762.07,71.36,-540184.48,0,1,False,2,18,
88.38,0,713.36,3.01,0.77,28,9.07,23799.24,42326.06,72.13,-538538.06,0,1,False,2,18,
88.94,0,698.06,3.01,0.77,27.61,8.78,24090.08,42892.55,72.91,-536855.47,0,1,False,2,18,
89.48,0,682.78,3.01,0.76,27.22,8.49,24382.08,43461.58,73.7,-535136.09,0,1,False,2,18,
90.06,0,667.52,3.01,0.76,26.83,8.21,24675.22,44033.15,74.5,-533379.33,0,1,False,2,18,
90.6,0,652.27,3.01,0.75,26.43,7.94,24969.47,44607.28,75.3,-531584.56,0,1,False,2,18,
91.18,0,637.03,3.01,0.75,26.04,7.67,25264.78,45184.01,76.11,-529751.19,0,1,False,2,18,
91.72,0,621.81,3.01,0.75,25.66,7.42,25561.13,45763.35,76.94,-527878.57,0,1,False,2,18,
92.28,0,606.61,3.01,0.74,25.27,7.17,25858.47,46345.37,77.77,-525966.04,0,1,False,2,18,
92.86,0,591.42,3.01,0.74,24.88,6.91,26156.79,46930.23,78.61,-524012.68,0,1,False,2,18,
93.42,0,576.24,3.01,0.73,24.49,6.65,26456.05,47518.05,79.46,-522017.76,0,1,False,2,18,
93.96,0,561.08,3.01,0.73,24.11,6.41,26756.22,48108.88,80.32,-519980.55,0,1,False,2,18,
94.54,0,545.93,3.01,0.72,23.73,6.17,27057.26,48702.83,81.2,-517900.34,0,1,False,2,18,
95.1,0,530.8,3.01,0.72,23.34,5.93,27359.15,49299.99,82.08,-515776.36,0,1,False,2,18,
95.64,0,515.69,3.01,0.72,22.96,5.71,27661.86,49900.47,82.98,-513607.86,0,1,False,2,18,
96.2,0,500.59,3.01,0.71,22.58,5.49,27965.35,50504.35,83.89,-511394.11,0,1,False,2,18,
96.78,0,485.5,3.01,0.71,22.2,5.27,28269.59,51111.76,84.82,-509134.34,0,1,False,2,18,
97.34,0,470.43,3.01,0.7,21.83,5.07,28574.57,51722.79,85.76,-506827.8,0,1,False,2,18,
97.88,0,455.37,3.01,0.7,21.45,4.87,28880.24,52337.55,86.72,-504473.72,0,1,False,2,18,
98.46,0,440.33,3.01,0.7,21.07,4.68,29186.58,52956.17,87.69,-502071.34,0,1,False,2,18,
99,0,425.31,3.01,0.69,20.7,4.5,29493.56,53578.76,88.68,-499619.88,0,1,False,2,18,
99.58,0,410.3,3.01,0.69,20.33,4.32,29801.15,54205.45,89.68,-497118.56,0,1,False,2,18,
100.14,0,395.3,3.01,0.69,19.95,4.15,30109.32,54836.37,90.71,-494566.61,0,1,False,2,18,
100.7,0,380.32,3.01,0.68,19.58,3.99,30418.05,55471.65,91.75,-491963.22,0,1,False,2,18,
101.24,0,365.35,3.01,0.68,19.22,3.84,30727.3,56111.34,92.81,-489307.5,0,1,False,2,18,
101.82,0,350.4,3.01,0.67,18.88,3.7,31037.05,56754.66,93.89,-486597.81,0,1,False,2,18,
102.36,0,335.46,3.01,0.67,18.59,3.56,31347.3,57404.75,94.99,-483835.24,0,1,False,2,18,
102.92,0,320.54,3.01,0.67,18.34,3.42,31658.01,58063.51,96.12,-481019.91,0,1,False,2,18,
103.5,0,305.63,3.01,0.66,18.1,3.29,31969.17,58731.29,97.28,-478150.92,0,1,False,2,18,
104.04,0,290.74,3.01,0.66,17.86,3.17,32280.79,59408.43,98.48,-475227.4,0,1,False,2,18,
104.62,0,275.87,3.01,0.66,17.63,3.06,32592.84,60095.41,99.7,-472248.58,0,1,False,2,18,
105.16,0,261,3.01,0.65,17.41,2.94,32905.33,60792.74,100.96,-469213.69,0,1,False,2,18,
105.74,0,246.16,3.01,0.65,17.19,2.83,33218.26,61500.95,102.25,-466121.89,0,1,False,2,18,
106.3,0,231.32,3.01,0.65,16.98,2.73,33531.61,62220.57,103.58,-462972.3,0,1,False,2,18,
106.86,0,216.5,3.01,0.64,16.77,2.62,33845.39,62952.13,104.95,-459764.02,0,1,False,2,18,
107.4,0,201.7,3.01,0.64,16.56,2.52,34159.59,63696.2,106.36,-456496.11,0,1,False,2,18,
107.96,0,186.91,3.01,0.64,15.98,2.43,34474.12,64476.96,107.86,-453187.13,0,1,False,2,18,
108.52,0,172.14,3.01,0.63,14.97,2.33,34788.91,65215.31,109.29,-449780.05,0,1,False,2,18,
109.1,0,157.38,3.01,0.63,14.36,2.24,35104.01,65943.17,110.73,-446297.87,0,1,False,2,18,
109.66,0,142.63,3.01,0.62,13.96,2.16,35419.31,66683.75,112.22,-442752.68,0,1,False,2,18,
110.2,0,127.9,3.01,0.62,13.59,2.07,35734.73,67435.51,113.74,-439141.32,0,1,False,2,18,
110.76,0,113.19,3.01,0.62,13.22,1.99,36050.25,68196.22,115.31,-435460.88,0,1,False,2,18,
111.42,0,96.39,3.01,0.61,12.82,1.9,36410.92,69071.69,117.14,-431164.74,0,1,False,2,18,
112.08,0,79.08,3.01,0.61,13.37,1.82,36783.14,69960.91,119.04,-426617.66,0,1,False,2,18,
112.74,0,61.36,2.97,0.6,15.14,1.73,37167.16,70984.43,121.23,-421900.74,0,1,False,2,18,
113.4,0,44.55,2.89,0.58,17.19,1.66,37540.58,72078.5,123.55,-417383.09,0,1,False,2,18,
114.08,0,28.19,2.82,0.56,19.21,1.58,37915.01,73262.48,126.04,-412951.55,0,1,False,2,18,
114.74,0,12.32,2.73,0.54,20.96,1.52,38290.73,74532.83,128.68,-408634.84,0,1,False,2,18,
115.42,0,0,0,0.01,21.75,1.45,38679.15,75563.22,130.65,-405350.56,0,1,True,2,18,
116.06,0,0,0,0.01,22.14,1.37,39043.72,75665.65,130.23,-405155.95,0,2,True,2,8,
116.66,0,0,0,0.01,22.05,1.3,39383.92,75628.01,129.53,-405279.3,0,2,True,2,8,
117.26,0,0,0,0.01,21.85,1.23,39722.37,75592.78,128.84,-405395.97,0,2,True,2,8,
117.86,0,0,0,0.01,21.71,1.17,40059.1,75559.79,128.15,-405506.35,0,2,True,2,8,
118.46,0,0,0,0.01,21.61,1.11,40394.11,75528.83,127.47,-405611,0,2,True,2,8,
119.06,0,0,0,0.01,21.53,1.05,40727.41,75499.76,126.8,-405710.34,0,2,True,2,8,
119.66,0,0,0,0.01,21.43,1,41058.99,75472.45,126.12,-405804.67,0,2,True,2,8,
120.16,0,1239.1,0.01,0.01,21.35,0.95,41344.97,75450.38,125.54,-405881.65,0,2,True,2,8,
120.7,0,1238.88,0.14,0.13,21.27,0.91,41629.7,75449,125.02,-405886.73,0,2,True,2,8,
121.28,0,1237.7,0.34,0.33,21.12,0.87,41956.79,75525.35,124.62,-405625.06,0,2,False,2,8,
121.78,0,1235.91,0.51,0.5,18.66,0.84,42228.21,75664.56,124.49,-405192.74,0,2,False,2,8,
122.3,0,1233.39,0.68,0.67,13.41,0.81,42498.64,75826.04,124.44,-404520.16,0,2,False,2,8,
122.8,0,1230.14,0.85,0.83,9.28,0.78,42768.27,75985.9,124.45,-403597.39,0,2,False,2,8,
123.3,0,1226.15,1.03,1,7.18,0.75,43037.12,76164.7,124.54,-402436.29,0,2,False,2,8,
123.82,0,1221.57,1.03,1,6.15,0.72,43315.8,76364.47,124.69,-401097.42,0,2,False,2,8,
124.34,0,1216.98,1.03,1,5.45,0.69,43593.47,76561.1,124.84,-399745.24,0,2,False,2,8,
124.86,0,1212.39,1.03,1,4.8,0.67,43870.09,76753.2,124.99,-398379.11,0,2,False,2,8,
125.36,0,1207.8,1.04,1,4.24,0.64,44145.64,76939.77,125.13,-396998.71,0,2,False,2,8,
125.9,0,1203.2,1.04,1,3.9,0.62,44420.13,77123.07,125.26,-395604.7,0,2,False,2,8,
126.4,0,1198.59,1.04,1,3.74,0.6,44693.53,77306.21,125.41,-394197.82,0,2,False,2,8,
126.92,0,1193.98,1.04,1,3.7,0.58,44965.86,77490.81,125.56,-392778.39,0,2,False,2,8,
127.46,0,1189.37,1.04,1,3.72,0.55,45237.1,77677.54,125.71,-391346.53,0,2,False,2,8,
127.96,0,1184.75,1.05,1,3.77,0.53,45507.29,77866.7,125.88,-389902.26,0,2,False,2,8,
128.52,0,1179.57,1.03,0.98,3.84,0.51,45797.07,78071.95,126.07,-388343.24,0,2,False,2,8,
129.12,0,1174.83,0.99,0.94,3.94,0.49,46095.93,78279.54,126.25,-386773.22,0,2,False,2,8,
129.7,0,1170.07,0.95,0.9,4.04,0.47,46393.49,78481.04,126.4,-385255.88,0,2,False,2,8,
130.26,0,1165.5,0.91,0.86,4.15,0.45,46689.77,78676.08,126.54,-383793.14,0,2,False,2,8,
130.86,0,1161.13,0.87,0.82,4.25,0.43,46984.77,78864.25,126.64,-382386.84,0,2,False,2,8,
131.44,0,1156.97,0.83,0.78,4.34,0.42,47278.5,79045.1,126.73,-381038.78,0,2,False,2,8,
132.02,0,1153,0.79,0.74,4.43,0.4,47570.98,79218.22,126.79,-379750.7,0,2,False,2,8,
132.6,0,1149.25,0.75,0.7,4.51,0.38,47862.19,79383.18,126.81,-378524.28,0,2,False,2,8,
133.18,0,1145.69,0.7,0.66,4.58,0.37,48152.14,79539.61,126.81,-377361.14,0,2,False,2,8,
133.76,0,1142.27,0.7,0.66,4.64,0.35,48440.84,79691.79,126.8,-376230.39,0,2,False,2,8,
134.34,0,1138.85,0.7,0.66,4.69,0.34,48728.3,79845.01,126.78,-375094.41,0,2,False,2,8,
134.9,0,1135.43,0.7,0.66,4.74,0.32,49014.52,79999.3,126.78,-373952.46,0,2,False,2,8,
135.5,0,1132.02,0.7,0.65,4.78,0.31,49299.52,80154.58,126.78,-372804.56,0,2,False,2,8,
136.08,0,1128.6,0.7,0.65,4.82,0.3,49583.3,80310.79,126.78,-371650.71,0,2,False,2,8,
136.64,0,1125.2,0.7,0.65,4.85,0.28,49865.88,80467.87,126.79,-370490.92,0,2,False,2,8,
137.24,0,1121.79,0.7,0.65,4.88,0.27,50147.26,80625.76,126.8,-369325.2,0,2,False,2,8,
137.8,0,1118.39,0.7,0.65,4.9,0.26,50427.46,80784.41,126.82,-368153.57,0,2,False,2,8,
138.4,0,1114.99,0.7,0.65,4.92,0.25,50706.47,80943.8,126.84,-366976.02,0,2,False,2,8,
138.98,0,1111.59,0.7,0.65,4.93,0.24,50984.32,81103.87,126.87,-365792.57,0,2,False,2,8,
139.56,0,1108.2,0.7,0.65,4.95,0.23,51261,81264.59,126.9,-364603.22,0,2,False,2,8,
140.12,0,1104.81,0.7,0.65,4.96,0.22,51536.53,81425.95,126.93,-363407.98,0,2,False,2,8,
140.72,0,1101.42,0.7,0.64,4.97,0.21,51810.91,81587.91,126.97,-362206.86,0,2,False,2,8,
141.3,0,1098.03,0.7,0.64,4.98,0.2,52084.15,81750.46,127.01,-360999.85,0,2,False,2,8,
141.88,0,1094.65,0.7,0.64,4.99,0.19,52356.26,81913.57,127.06,-359786.98,0,2,False,2,8,
142.44,0,1091.27,0.7,0.64,4.99,0.18,52627.25,82077.24,127.11,-358568.23,0,2,False,2,8,
143.02,0,1087.89,0.7,0.64,5,0.18,52897.12,82241.44,127.17,-357343.62,0,2,False,2,8,
143.6,0,1084.52,0.7,0.64,5,0.17,53165.88,82406.17,127.23,-356113.15,0,2,False,2,8,
144.2,0,1081.15,0.7,0.64,5,0.16,53433.54,82571.41,127.29,-354876.82,0,2,False,2,8,
144.78,0,1077.78,0.7,0.64,5.01,0.15,53700.1,82737.16,127.36,-353634.63,0,2,False,2,8,
145.36,0,1074.41,0.7,0.64,5.01,0.15,53965.57,82903.42,127.44,-352386.59,0,2,False,2,8,
145.94,0,1071.05,0.7,0.64,5.01,0.14,54229.96,83070.16,127.51,-351132.71,0,2,False,2,8,
146.52,0,1067.69,0.7,0.63,5.01,0.14,54493.28,83237.4,127.6,-349872.96,0,2,False,2,8,
147.1,0,1064.33,0.7,0.63,5.01,0.13,54755.53,83405.13,127.68,-348607.37,0,2,False,2,8,
147.66,0,1060.97,0.7,0.63,5.01,0.13,55016.72,83573.35,127.77,-347335.93,0,2,False,2,8,
148.26,0,1057.62,0.7,0.63,5.02,0.12,55276.86,83742.06,127.87,-346058.63,0,2,False,2,8,
148.84,0,1054.27,0.7,0.63,5.02,0.12,55535.95,83911.25,127.97,-344775.47,0,2,False,2,8,
149.42,0,1050.92,0.7,0.63,5.02,0.11,55794,84080.93,128.07,-343486.45,0,2,False,2,8,
150,0,1047.58,0.7,0.63,5.02,0.11,56051.01,84251.1,128.18,-342191.55,0,2,False,2,8,
150.56,0,1044.24,0.7,0.63,5.02,0.1,56307,84421.76,128.3,-340890.78,0,2,False,2,8,
151.16,0,1040.9,0.7,0.63,5.02,0.1,56561.97,84592.92,128.41,-339584.13,0,2,False,2,8,
151.74,0,1037.56,0.7,0.63,5.02,0.09,56815.92,84764.59,128.54,-338271.58,0,2,False,2,8,
152.32,0,1034.23,0.7,0.62,5.02,0.09,57068.86,84936.76,128.66,-336953.12,0,2,False,2,8,
152.88,0,1030.9,0.7,0.62,5.02,0.09,57320.81,85109.44,128.79,-335628.74,0,2,False,2,8,
153.48,0,1027.57,0.7,0.62,5.02,0.08,57571.76,85282.63,128.93,-334298.44,0,2,False,2,8,
154.06,0,1024.24,0.7,0.62,5.02,0.08,57821.72,85456.36,129.07,-332962.18,0,2,False,2,8,
154.64,0,1020.92,0.7,0.62,5.02,0.07,58070.7,85630.61,129.22,-331619.99,0,2,False,2,8,
155.22,0,1017.59,0.7,0.62,5.02,0.07,58318.71,85805.39,129.37,-330271.87,0,2,False,2,8,
155.8,0,1014.27,0.7,0.62,5.02,0.07,58565.75,85980.71,129.53,-328917.83,0,2,False,2,8,
156.36,0,1010.96,0.7,0.62,5.02,0.07,58811.82,86156.57,129.69,-327557.88,0,2,False,2,8,
156.96,0,1007.64,0.7,0.62,5.02,0.06,59056.94,86332.97,129.86,-326192.01,0,2,False,2,8,
157.54,0,1004.33,0.7,0.62,5.02,0.06,59301.11,86509.93,130.03,-324820.24,0,2,False,2,8,
158.1,0,1001.02,0.7,0.62,5.02,0.06,59544.34,86687.45,130.2,-323442.54,0,2,False,2,8,
158.7,0,997.72,0.7,0.61,5.02,0.05,59786.63,86865.54,130.39,-322058.92,0,2,False,2,8,
159.28,0,994.41,0.7,0.61,5.02,0.05,60027.99,87044.2,130.57,-320669.36,0,2,False,2,8,
159.86,0,991.11,0.7,0.61,5.02,0.05,60268.42,87223.46,130.77,-319273.85,0,2,False,2,8,
160.44,0,987.81,0.7,0.61,5.02,0.05,60507.94,87403.31,130.97,-317872.38,0,2,False,2,8,
161.02,0,984.51,0.7,0.61,5.02,0.04,60746.54,87583.77,131.17,-316464.93,0,2,False,2,8,
161.56,0,981.19,0.7,0.61,5.02,0.04,60967.88,87752.65,131.37,-315147.4,0,2,False,2,6,
162.06,0,978.37,0.7,0.61,5.02,0.04,61172.12,87909.28,131.55,-313923.89,0,2,False,2,6,
162.68,0,974.86,0.7,0.61,5.02,0.04,61424.46,88104.11,131.79,-312400.51,0,2,False,2,6,
163.18,0,972.04,0.7,0.61,5.02,0.04,61627.23,88261.78,131.98,-311166.97,0,2,False,2,6,
163.68,0,969.22,0.7,0.6,5.02,0.04,61829.33,88419.96,132.18,-309928.93,0,2,False,2,6,
164.18,0,966.4,0.7,0.6,5.02,0.03,62030.78,88578.65,132.39,-308686.39,0,2,False,2,6,
164.78,0,962.9,0.7,0.6,5.02,0.03,62279.68,88776.14,132.64,-307139.37,0,2,False,2,6,
165.42,0,959.41,0.7,0.6,5.02,0.03,62527.6,88974.45,132.91,-305585.36,0,2,False,2,6,
166.04,0,955.92,0.7,0.6,5.02,0.03,62774.53,89173.59,133.18,-304024.34,0,2,False,2,6,
166.66,0,952.44,0.7,0.6,5.02,0.03,63020.48,89373.57,133.46,-302456.25,0,2,False,2,6,
167.26,0,948.95,0.7,0.6,5.02,0.03,63265.47,89574.44,133.75,-300881.07,0,2,False,2,6,
167.9,0,945.47,0.7,0.6,5.02,0.03,63509.5,89776.2,134.05,-299298.76,0,2,False,2,6,
168.52,0,941.99,0.7,0.6,5.02,0.02,63752.58,89978.88,134.35,-297709.27,0,2,False,2,6,
169.14,0,938.52,0.7,0.6,5.02,0.02,63994.72,90182.51,134.66,-296112.56,0,2,False,2,6,
169.76,0,935.04,0.7,0.6,5.02,0.02,64235.92,90387.1,134.98,-294508.6,0,2,False,2,6,
170.38,0,931.57,0.7,0.59,5.02,0.02,64476.19,90592.68,135.31,-292897.35,0,2,False,2,6,
171,0,928.1,0.7,0.59,5.02,0.02,64715.54,90799.28,135.65,-291278.78,0,2,False,2,6,
171.6,0,924.64,0.7,0.59,5.02,0.02,64953.97,91006.93,135.99,-289652.83,0,2,False,2,6,
172.24,0,921.18,0.7,0.59,5.02,0.02,65191.5,91215.64,136.34,-288019.48,0,2,False,2,6,
172.86,0,917.71,0.7,0.59,5.02,0.01,65428.12,91425.45,136.7,-286378.7,0,2,False,2,6,
173.48,0,914.26,0.7,0.59,5.02,0.01,65663.86,91636.38,137.08,-284730.44,0,2,False,2,6,
174.1,0,910.8,0.7,0.59,5.02,0.01,65898.71,91848.46,137.46,-283074.68,0,2,False,2,6,
174.7,0,907.35,0.7,0.59,5.02,0.01,66132.69,92061.72,137.84,-281411.38,0,2,False,2,6,
175.34,0,903.89,0.7,0.59,5.02,0.01,66365.79,92276.18,138.24,-279740.51,0,2,False,2,6,
175.96,0,900.45,0.7,0.59,5.02,0.01,66598.03,92491.88,138.65,-278062.06,0,2,False,2,6,
176.58,0,897,0.7,0.59,5.02,0.01,66829.42,92708.84,139.07,-276375.98,0,2,False,2,6,
177.2,0,893.55,0.7,0.59,5.02,0.01,67059.96,92927.1,139.5,-274682.28,0,2,False,2,6,
177.82,0,890.11,0.7,0.58,5.02,0.01,67289.66,93146.68,139.94,-272980.94,0,2,False,2,6,
178.42,0,886.67,0.7,0.58,5.02,0,67518.53,93367.6,140.38,-271271.95,0,2,False,2,6,
179.06,0,883.24,0.7,0.58,5.02,0,67746.57,93589.91,140.84,-269555.3,0,2,False,2,6,
179.56,0,880.47,0.7,0.58,5.02,0,67929.88,93770.22,141.22,-268165.31,0,2,False,2,6,
180.1,0,877.37,0.7,0.58,5.02,0,68134.56,93973.27,141.65,-266602.58,0,2,False,2,6,
180.72,0,873.94,0.7,0.58,5.02,0,68360.41,94199.49,142.14,-264865.06,0,2,False,2,6,
181.36,0,870.51,0.7,0.58,5.02,0,68585.45,94427.21,142.64,-263119.85,0,2,False,2,6,
181.98,0,867.08,0.7,0.58,5.02,0,68809.71,94656.46,143.15,-261366.89,0,2,False,2,6,
182.6,0,863.66,0.7,0.58,5.02,0,69033.18,94887.28,143.68,-259606.18,0,2,False,2,6,
183.2,0,860.24,0.7,0.58,5.02,0,69255.88,95119.72,144.21,-257837.72,0,2,False,2,6,
183.84,0,856.82,0.7,0.58,5.02,0,69477.8,95353.8,144.76,-256061.51,0,2,False,2,6,
184.44,0,853.4,0.7,0.58,5.02,0,69698.97,95589.55,145.32,-254277.58,0,2,False,2,6,
185.06,0,849.98,0.7,0.57,5.02,0,69919.38,95827.02,145.89,-252485.95,0,2,False,2,6,
185.6,0,847.12,0.7,0.57,5.02,0,70103.68,96027.54,146.38,-250977.36,0,2,False,2,6,
186.2,0,843.71,0.7,0.57,5.02,0,70322.73,96268.26,146.98,-249171.63,0,2,False,2,6,
186.84,0,840.3,0.7,0.57,5.02,0,70541.04,96510.79,147.59,-247358.2,0,2,False,2,6,
187.46,0,836.9,0.7,0.57,5.02,0,70758.62,96755.2,148.21,-245537.08,0,2,False,2,6,
188.08,0,833.49,0.7,0.57,5.02,0,70975.49,97001.52,148.85,-243708.22,0,2,False,2,6,
188.68,0,830.09,0.7,0.57,5.02,0,71191.64,97249.81,149.5,-241871.63,0,2,False,2,6,
189.3,0,826.69,0.7,0.57,5.02,0,71407.09,97500.12,150.17,-240027.27,0,2,False,2,6,
189.94,0,823.29,0.7,0.57,5.02,0,71621.85,97752.5,150.85,-238175.13,0,2,False,2,6,
190.54,0,819.9,0.7,0.57,5.02,0,71835.92,98007.01,151.54,-236315.18,0,2,False,2,6,
191.18,0,816.51,0.7,0.57,5.02,0,72049.3,98263.69,152.25,-234447.42,0,2,False,2,6,
191.8,0,813.12,0.7,0.57,5.02,0,72262,98522.6,152.98,-232571.83,0,2,False,2,6,
192.42,0,809.73,0.7,0.56,5.02,0,72474.04,98783.81,153.72,-230688.4,0,2,False,2,6,
193.02,0,806.34,0.7,0.56,5.02,0,72685.42,99047.36,154.48,-228797.11,0,2,False,2,6,
193.66,0,802.96,0.7,0.56,5.02,0,72896.14,99313.33,155.26,-226897.96,0,2,False,2,6,
194.16,0,800.23,0.7,0.56,5.02,0,73065.6,99529.62,155.9,-225360.64,0,2,False,2,6,
194.76,0,796.85,0.7,0.56,5.02,0,73275.16,99800.11,156.71,-223447.24,0,2,False,2,6,
195.4,0,793.47,0.7,0.56,5.02,0,73484.1,100073.2,157.53,-221525.95,0,2,False,2,6,
196,0,790.09,0.7,0.56,5.02,0,73692.4,100348.94,158.38,-219596.75,0,2,False,2,6,
196.64,0,786.72,0.7,0.56,5.02,0,73900.08,100627.42,159.24,-217659.65,0,2,False,2,6,
197.26,0,783.35,0.7,0.56,5.02,0,74107.15,100908.7,160.12,-215714.63,0,2,False,2,6,
197.88,0,779.97,0.7,0.56,5.02,0,74313.61,101192.86,161.02,-213761.69,0,2,False,2,6,
198.48,0,776.61,0.7,0.56,5.02,0,74519.48,101479.98,161.94,-211800.84,0,2,False,2,6,
199.1,0,773.24,0.7,0.56,5.02,0,74724.75,101770.13,162.89,-209832.06,0,2,False,2,6,
199.74,0,769.88,0.7,0.56,5.02,0,74929.45,102063.4,163.85,-207855.36,0,2,False,2,6,
200.24,0,767.16,0.7,0.56,5.02,0,75094.1,102302.24,164.64,-206255.48,0,2,False,2,6,
200.86,0,763.8,0.7,0.55,5.02,0,75297.76,102601.36,165.64,-204264.49,0,2,False,2,6,
201.46,0,760.45,0.7,0.55,5.02,0,75500.86,102903.85,166.67,-202265.6,0,2,False,2,6,
202.1,0,757.09,0.7,0.55,5.02,0,75703.4,103209.78,167.72,-200258.82,0,2,False,2,6,
202.72,0,753.73,0.7,0.55,5.02,0,75905.49,103519.42,168.79,-198243.15,0,2,False,2,6,
203.44,0,749.62,0.7,0.55,5.02,0,76146.06,103893.96,170.1,-195825.53,0,2,False,2,6,
204.2,0,745.51,0.7,0.55,5.03,0,76392.1,104284.03,171.48,-193333.3,0,2,False,2,6,
204.96,0,741.41,0.7,0.55,5.03,0,76637.35,104679.99,172.9,-190829.33,0,2,False,2,6,
205.72,0,737.31,0.7,0.55,5.03,0,76881.83,105082.01,174.37,-188313.64,0,2,False,2,6,
206.44,0,733.21,0.7,0.55,5.03,0,77125.55,105490.3,175.87,-185786.27,0,2,False,2,6,
207.24,0,729.12,0.7,0.55,5.03,0,77368.53,105905.09,177.41,-183247.28,0,2,False,2,6,
208,0,725.02,0.7,0.55,5.03,0,77610.77,106326.6,179,-180696.73,0,2,False,2,6,
208.76,0,720.93,0.7,0.55,5.03,0,77852.3,106755.05,180.63,-178134.69,0,2,False,2,6,
209.28,0,718.14,0.7,0.54,5.03,0,78017.14,107052.33,181.77,-176375.12,0,2,False,2,6,
210,0,714.05,0.7,0.54,5.04,0,78257.5,107493.08,183.48,-173793.9,0,2,False,2,6,
210.8,0,709.97,0.7,0.54,5.03,0,78497.16,107941.44,185.24,-171201.41,0,2,False,2,6,
211.56,0,705.89,0.7,0.54,5.03,0,78736.14,108397.71,187.05,-168597.75,0,2,False,2,6,
212.32,0,701.82,0.7,0.54,5.03,0,78974.47,108862.17,188.91,-165983.01,0,2,False,2,6,
213.04,0,697.75,0.7,0.54,5.03,0,79212.16,109335.11,190.83,-163357.33,0,2,False,2,6,
213.84,0,693.68,0.7,0.54,5.03,0,79449.21,109816.86,192.79,-160720.84,0,2,False,2,6,
214.6,0,689.61,0.7,0.54,5.03,0,79685.65,110307.74,194.82,-158073.66,0,2,False,2,6,
215.36,0,685.54,0.7,0.54,5.03,0,79921.48,110808.08,196.9,-155415.95,0,2,False,2,6,
216.08,0,681.48,0.7,0.54,5.03,0,80156.72,111318.23,199.04,-152747.89,0,2,False,2,6,
216.88,0,677.42,0.7,0.54,5.04,0,80391.39,111838.56,201.25,-150069.63,0,2,False,2,6,
217.64,0,673.37,0.7,0.53,5.04,0,80625.48,112369.46,203.52,-147381.38,0,2,False,2,6,
218.4,0,669.32,0.7,0.53,5.04,0,80859.03,112911.32,205.86,-144683.35,0,2,False,2,6,
219.12,0,665.26,0.7,0.53,5.04,0,81092.04,113464.57,208.26,-141975.74,0,2,False,2,6,
219.88,0,661.22,0.7,0.53,5.04,0,81324.52,114029.64,210.74,-139258.79,0,2,False,2,6,
220.68,0,657.17,0.7,0.53,5.04,0,81556.5,114606.98,213.29,-136532.77,0,2,False,2,6,
221.2,0,654.41,0.7,0.53,5.04,0,81714.95,115009.35,215.07,-134662.48,0,2,False,2,6,
221.96,0,650.37,0.7,0.53,5.04,0,81946.1,115608.47,217.75,-131921.8,0,2,False,2,6,
222.72,0,646.33,0.7,0.53,5.04,0,82176.76,116221.18,220.51,-129172.8,0,2,False,2,6,
223.48,0,642.29,0.7,0.53,5.04,0,82406.96,116848.02,223.35,-126415.81,0,2,False,2,6,
224,0,639.54,0.7,0.53,5.04,0,82564.2,117285.33,225.34,-124525,0,2,False,2,6,
224.72,0,635.51,0.7,0.53,5.04,0,82793.65,117937.26,228.32,-121755.36,0,2,False,2,6,
225.52,0,631.48,0.7,0.53,5.04,0,83022.68,118604.87,231.4,-118978.71,0,2,False,2,6,
226.28,0,627.45,0.7,0.53,5.04,0,83251.28,119288.8,234.56,-116195.44,0,2,False,2,6,
227.04,0,623.43,0.7,0.52,5.04,0,83479.49,119989.7,237.83,-113406.01,0,2,False,2,6,
227.76,0,619.41,0.7,0.52,5.04,0,83707.31,120708.26,241.19,-110610.86,0,2,False,2,6,
228.56,0,615.4,0.7,0.52,5.04,0,83934.75,121445.2,244.65,-107810.48,0,2,False,2,6,
229.32,0,611.38,0.7,0.52,5.04,0,84161.83,122201.25,248.22,-105005.39,0,2,False,2,6,
230.08,0,607.37,0.7,0.52,5.04,0,84388.57,122977.2,251.9,-102196.13,0,2,False,2,6,
230.8,0,603.36,0.7,0.52,5.04,0,84614.97,123773.86,255.68,-99383.27,0,2,False,2,6,
231.6,0,599.36,0.7,0.52,5.04,0,84841.04,124592.08,259.59,-96567.43,0,2,False,2,6,
232.36,0,595.35,0.7,0.52,5.04,0,85066.81,125432.75,263.61,-93749.24,0,2,False,2,6,
233.12,0,591.35,0.7,0.52,5.04,0,85292.28,126296.78,267.76,-90929.37,0,2,False,2,6,
233.88,0,587.35,0.7,0.52,5.04,0,85517.47,127185.14,272.03,-88108.55,0,2,False,2,6,
234.64,0,583.36,0.7,0.52,5.04,0,85742.41,128098.86,276.43,-85287.52,0,2,False,2,6,
235.4,0,579.37,0.7,0.52,5.04,0,85967.07,129038.91,280.97,-82467.05,0,2,False,2,6,
236.12,0,575.38,0.7,0.51,5.04,0,86191.49,130006.42,285.64,-79647.98,0,2,False,2,6,
236.92,0,571.39,0.7,0.51,5.04,0,86415.68,131002.51,290.46,-76831.17,0,2,False,2,6,
237.68,0,567.4,0.7,0.51,5.04,0,86639.66,132028.35,295.42,-74017.52,0,2,False,2,6,
238.44,0,563.42,0.7,0.51,5.04,0,86863.43,133085.14,300.53,-71207.97,0,2,False,2,6,
239.16,0,559.44,0.7,0.51,5.04,0,87087.01,134174.16,305.79,-68403.51,0,2,False,2,6,
239.96,0,555.46,0.7,0.51,5.04,0,87310.41,135296.69,311.21,-65605.16,0,2,False,2,6,
240.6,0,552.12,0.7,0.51,5.04,0,87498.42,136268.98,315.89,-63253.96,0,2,False,2,6,
241.36,0,548.14,0.7,0.51,5.04,0,87721.53,137456.98,321.61,-60469.82,0,2,False,2,6,
242.12,0,544.17,0.7,0.51,5.04,0,87944.5,138682.31,327.49,-57694.82,0,2,False,2,6,
242.88,0,540.21,0.7,0.51,5.04,0,88167.34,139946.55,333.54,-54930.23,0,2,False,2,6,
243.6,0,536.24,0.7,0.51,5.04,0,88390.08,141251.24,339.76,-52177.28,0,2,False,2,6,
244.4,0,532.28,0.7,0.51,5.04,0,88612.71,142597.93,346.16,-49437.23,0,2,False,2,6,
245.16,0,528.32,0.7,0.51,5.04,0,88835.25,143988.2,352.74,-46711.37,0,2,False,2,6,
245.92,0,524.36,0.7,0.5,5.04,0,89057.72,145423.68,359.49,-44001,0,2,False,2,6,
246.64,0,520.41,0.7,0.5,5.04,0,89280.13,146906.03,366.43,-41307.48,0,2,False,2,6,
247.32,0,517.24,0.57,0.41,5.04,0,89473.64,148163.57,372.25,-39102.13,0,2,False,2,6,
247.91,0,515.27,0.38,0.28,5.03,0,89641.12,148963.1,375.79,-37727.61,0,2,False,2,6,
248.55,0,513.95,0.2,0.14,5.02,0,89822.39,149500,377.91,-36823.5,0,2,False,2,6,
249.17,0,513.38,0.1,0.07,5.02,0,90003.53,149735.39,378.49,-36429.67,0,2,False,2,6,
249.79,0,512.92,0.1,0.07,5.02,0,90184.49,149920.39,378.81,-36120.56,0,2,False,2,6,
250.31,0,512.74,0,0,5.1,0,90341.98,149997.99,378.67,-35990.94,159.45,2,False,4,6,
250.93,0,512.74,0,0,6.31,0,90516.87,149997.95,378.07,-35990.94,159.45,2,False,4,6,
251.51,0,512.74,0,0,7.25,0,90691.57,149997.9,377.47,-35990.94,159.45,2,False,4,6,
252.13,0,512.74,0,0,7.55,0,90866.03,149997.86,376.87,-35990.93,159.45,2,False,4,6,
252.73,0,512.74,0,0,7.63,0,91040.3,149997.82,376.27,-35990.93,159.45,2,False,4,6,
253.33,0,512.74,0,0,7.68,0,91214.39,149997.78,375.67,-35990.93,159.45,2,False,4,6,
253.93,0,512.74,0,0,7.71,0,91388.29,149997.73,375.07,-35990.92,159.45,2,False,4,6,
