Apoapsis,980km ,Inc,0
 
MET,Mode,dV,TWR,Throttle,Pitch,Q,Alt,Apoapsis,Eta:apo,Periapsis,Stage,Staging,Runmode,Parts
0.24,1,1789.02,1.59,0.23,89.92,0,118.05,88.17,0.11,-6359775.37,1,False,0,41,
0.84,1,1795.93,1.6,0.23,89.98,0.01,119.88,91.09,0.46,-6359776.23,1,False,0,41,
1.44,1,1802.98,1.6,0.23,89.91,0.03,123.81,97.37,0.82,-6359776.44,1,False,0,41,
2.04,1,1810.17,1.61,0.22,89.75,0.07,129.86,107.08,1.19,-6359775.41,1,False,0,41,
2.64,1,1817.5,1.61,0.22,89.57,0.12,138.05,120.26,1.55,-6359772.9,1,False,0,41,
3.24,1,1824.97,1.62,0.22,89.39,0.19,148.4,136.98,1.92,-6359768.88,1,False,0,41,
3.84,1,1832.57,1.63,0.22,89.21,0.27,160.92,157.28,2.3,-6359763.36,1,False,0,41,
4.44,1,1840.3,1.63,0.21,89.02,0.37,175.64,181.21,2.67,-6359756.38,1,False,0,41,
5.04,1,1848.16,1.64,0.21,88.84,0.48,192.57,208.82,3.05,-6359747.94,1,False,0,41,
5.64,1,1856.15,1.64,0.21,88.66,0.61,211.73,240.16,3.43,-6359738.01,1,False,0,41,
6.24,1,1864.26,1.65,0.21,88.47,0.76,233.14,275.28,3.82,-6359726.57,1,False,0,41,
6.84,1,1872.48,1.66,0.21,88.29,0.92,256.8,314.23,4.2,-6359713.65,1,False,0,41,
7.44,1,1880.83,1.66,0.21,88.1,1.1,282.75,357.04,4.59,-6359699.19,1,False,0,41,
8.02,1,1889.28,1.67,0.21,87.91,1.3,310.99,403.76,4.99,-6359683.19,1,False,0,41,
8.64,1,1897.84,1.68,0.2,87.72,1.51,341.55,454.42,5.38,-6359665.6,1,False,0,41,
9.24,1,1906.51,1.69,0.2,87.53,1.74,374.42,509.07,5.78,-6359646.41,1,False,0,41,
9.84,1,1915.28,1.69,0.21,87.34,1.99,409.63,567.74,6.18,-6359625.61,1,False,0,41,
10.44,1,1924.15,1.7,0.21,87.15,2.26,447.19,630.47,6.58,-6359603.19,1,False,0,41,
11.04,1,1933.12,1.71,0.21,86.95,2.54,487.12,697.27,6.98,-6359579.12,1,False,0,41,
11.64,1,1942.18,1.71,0.21,86.75,2.84,529.42,768.19,7.39,-6359553.38,1,False,0,41,
12.24,1,1951.33,1.72,0.21,86.56,3.16,574.1,843.25,7.8,-6359525.94,1,False,0,41,
12.84,1,1960.57,1.73,0.21,86.36,3.49,621.18,922.46,8.21,-6359496.83,1,False,0,41,
13.44,1,1969.88,1.74,0.21,86.16,3.84,670.66,1005.86,8.62,-6359466.02,1,False,0,41,
14.04,1,1979.28,1.74,0.21,85.96,4.21,722.56,1093.46,9.03,-6359433.53,1,False,0,41,
14.64,1,1988.76,1.75,0.22,85.76,4.6,776.88,1185.27,9.45,-6359399.31,1,False,0,41,
15.24,1,1998.31,1.76,0.22,85.56,5,833.63,1281.31,9.86,-6359363.38,1,False,0,41,
15.84,1,2007.94,1.77,0.22,85.36,5.42,892.82,1381.59,10.28,-6359325.73,1,False,0,41,
16.6,1,2020.22,1.78,0.22,85.13,5.97,971.3,1514.72,10.81,-6359275.11,1,False,2,41,
17.3,1,2031.63,1.79,0.23,85.02,6.5,1047.07,1643.37,11.3,-6359226.48,1,False,2,41,
18,1,2043.12,1.8,0.23,84.99,7.05,1126.19,1777.77,11.79,-6359177.8,1,False,2,41,
18.7,1,2054.7,1.81,0.23,84.99,7.62,1208.65,1917.88,12.28,-6359129.78,1,False,2,41,
19.4,1,2066.34,1.82,0.24,84.96,8.2,1294.46,2063.74,12.77,-6359083.54,1,False,2,41,
20.1,1,2078.06,1.83,0.24,84.68,8.8,1383.6,2215.51,13.26,-6359037.48,1,False,2,41,
20.8,1,2089.85,1.84,0.25,84.18,9.43,1476.11,2373.45,13.75,-6358985.82,1,False,2,41,
21.5,1,2101.71,1.85,0.25,83.59,10.08,1572,2537.77,14.25,-6358926.53,1,False,2,41,
22.2,1,2113.62,1.86,0.26,83,10.75,1671.32,2708.62,14.76,-6358859.61,1,False,2,41,
22.9,1,2125.59,1.87,0.26,82.43,11.45,1774.09,2886.08,15.27,-6358785.57,1,False,2,41,
23.6,1,2137.62,1.88,0.27,81.89,12.17,1880.35,3070.11,15.78,-6358705.05,1,False,2,41,
24.3,1,2149.69,1.89,0.27,81.38,12.92,1990.11,3260.25,16.29,-6358618.62,1,False,2,41,
25,1,2161.82,1.9,0.27,80.89,13.67,2103.36,3456.33,16.8,-6358526.56,1,False,2,41,
25.7,1,2173.99,1.91,0.28,80.41,14.45,2220.1,3658.35,17.32,-6358428.91,1,False,2,41,
26.4,1,2186.21,1.92,0.29,79.95,15.23,2340.32,3866.33,17.83,-6358325.66,1,False,2,41,
27.1,1,2198.46,1.94,0.29,79.48,16.04,2464.03,4080.25,18.34,-6358216.77,1,False,2,41,
27.8,1,2210.76,1.95,0.3,79.02,16.85,2591.21,4300.1,18.85,-6358102.25,1,False,2,41,
28.5,1,2223.09,1.96,0.3,78.57,17.68,2721.86,4525.88,19.36,-6357982.06,1,False,2,41,
29.2,1,2235.46,1.97,0.31,78.12,18.52,2855.99,4757.57,19.87,-6357856.23,1,False,2,41,
29.9,1,2247.87,1.98,0.31,77.68,19.38,2993.58,4995.14,20.38,-6357724.75,1,False,2,41,
30.6,1,2260.3,2,0.32,77.24,20.24,3134.64,5238.57,20.89,-6357587.62,1,False,2,41,
31.32,1,2273.26,2.01,0.32,76.79,21.13,3284.46,5496.99,21.41,-6357439.56,1,False,2,41,
31.85,1,2283,2.02,0.33,76.47,21.72,3397.77,5692.27,21.79,-6357325.99,1,False,2,41,
32.51,1,2295.76,2.03,0.33,76.07,22.56,3549.84,5954.28,22.3,-6357171.9,1,False,2,41,
33.27,1,2308.69,2.04,0.34,75.67,23.49,3708.56,6227.86,22.82,-6357009.56,1,False,2,41,
33.99,1,2321.65,2.06,0.34,75.25,24.42,3870.92,6507.78,23.34,-6356841.58,1,False,2,41,
34.71,1,2334.64,2.07,0.35,74.83,25.37,4036.93,6793.89,23.86,-6356667.58,1,False,2,41,
35.43,1,2347.65,2.08,0.35,74.4,26.32,4206.57,7086.17,24.39,-6356487.39,1,False,2,41,
36.15,1,2360.7,2.1,0.36,73.97,27.28,4379.86,7384.61,24.91,-6356300.95,1,False,2,41,
36.87,1,2373.77,2.11,0.36,73.55,28.24,4556.78,7689.21,25.43,-6356108.15,1,False,2,41,
37.59,1,2386.88,2.12,0.37,73.13,29.21,4737.32,7999.99,25.95,-6355908.91,1,False,2,41,
38.27,1,2400.01,2.14,0.38,72.71,30.18,4921.5,8316.97,26.47,-6355703.13,1,False,2,41,
39.03,1,2413.18,2.15,0.38,72.29,31.16,5109.3,8640.17,26.99,-6355490.69,1,False,2,41,
39.75,1,2426.37,2.17,0.39,71.87,32.14,5300.73,8969.62,27.51,-6355271.49,1,False,2,41,
40.47,1,2439.59,2.18,0.39,71.45,33.12,5495.78,9305.34,28.04,-6355045.42,1,False,2,41,
41.15,1,2452.85,2.19,0.4,71.04,34.11,5694.45,9647.35,28.56,-6354812.29,1,False,2,41,
41.87,1,2466.15,2.21,0.4,70.62,35.1,5896.74,9995.49,29.08,-6354572.1,1,False,2,41,
42.59,1,2479.48,2.22,0.41,70.21,36.08,6102.65,10348.61,29.6,-6354325.52,1,False,2,41,
43.35,1,2492.84,2.24,0.41,69.8,37.04,6312.1,10704.69,30.1,-6354073.81,1,False,2,41,
44.07,1,2506.25,2.25,0.42,69.39,37.97,6525.02,11062.86,30.6,-6353817.42,1,False,2,41,
44.79,1,2519.69,2.27,0.42,68.98,38.86,6741.31,11422.96,31.08,-6353556.31,1,False,2,41,
45.51,1,2533.18,2.28,0.42,68.57,39.72,6960.89,11785.17,31.55,-6353290.19,1,False,2,41,
46.23,1,2546.72,2.3,0.43,68.16,40.55,7183.69,12149.79,32.01,-6353018.64,1,False,2,41,
46.91,1,2560.3,2.32,0.43,67.75,41.36,7409.64,12517.15,32.46,-6352741.25,1,False,2,41,
47.63,1,2573.94,2.33,0.44,67.34,42.14,7638.7,12887.56,32.91,-6352457.61,1,False,2,41,
48.39,1,2587.63,2.35,0.44,66.93,42.9,7870.83,13261.29,33.35,-6352167.31,1,False,2,41,
49.11,1,2601.38,2.36,0.45,66.52,43.65,8105.99,13638.62,33.79,-6351869.98,1,False,2,41,
49.79,1,2615.19,2.38,0.45,66.11,44.38,8344.16,14019.71,34.23,-6351565.28,1,False,2,41,
50.51,1,2629.06,2.4,0.45,65.7,45.1,8585.31,14404.58,34.66,-6351253.03,1,False,2,41,
51.27,1,2643.01,2.41,0.46,65.3,45.79,8829.43,14792.9,35.09,-6350933.34,1,False,2,41,
51.99,1,2657.03,2.43,0.46,64.89,46.48,9076.48,15184.71,35.51,-6350606.02,1,False,2,41,
52.67,1,2671.12,2.45,0.47,64.48,47.14,9326.44,15580.21,35.94,-6350270.77,1,False,2,41,
53.43,1,2685.3,2.46,0.47,64.08,47.79,9579.29,15979.6,36.36,-6349927.24,1,False,2,41,
54.11,1,2699.57,2.48,0.47,63.67,48.42,9835.02,16383.13,36.78,-6349575.05,1,False,2,41,
55.18,1,2720.92,2.94,0.65,63.1,49.46,10205.49,17008.52,37.49,-6349018.81,1,False,2,41,
55.96,1,2732.74,3.5,0.85,62.98,51.41,10487.3,17622.45,38.42,-6348460.62,1,False,2,41,
56.52,1,2740.55,3.92,1,63.01,53.26,10698.42,18163.72,39.3,-6347985.74,1,False,2,41,
57.06,1,2747.25,3.91,1,62.82,55.39,10914.53,18753.05,40.28,-6347477.13,1,False,2,41,
57.64,1,2752.37,3.76,1,62.53,57.38,11135.67,19330.45,41.18,-6346981.41,1,False,2,41,
58.2,1,2755.06,3.58,1,62.16,59.11,11361.4,19882.67,42,-6346505.55,1,False,2,41,
58.76,1,2755.36,3.43,1,61.78,60.58,11591.25,20410.35,42.73,-6346044.98,1,False,2,41,
59.3,1,2753.68,3.31,1,61.46,61.84,11824.82,20919.04,43.4,-6345596.71,1,False,2,41,
59.86,1,2750.49,3.23,1,61.16,62.94,12061.8,21414.74,44.02,-6345156.75,1,False,2,41,
60.52,1,2745.45,3.17,1,60.83,64.04,12336.53,21972.19,44.68,-6344658.2,1,False,2,41,
61.1,1,2739.46,2.84,1,60.55,64.91,12588.89,22460.96,45.23,-6344218.27,1,True,2,41,
61.72,0,5231.28,3.01,1,60.25,65.52,12861.63,22963.77,45.76,-6343761.33,1,False,2,29,
62.26,0,5214.17,3.03,1,59.94,66.27,13110.9,23452.2,46.3,-6343314.36,1,False,2,29,
62.82,0,5196.97,3.05,1,59.59,67.03,13363.06,23951.41,46.86,-6342849.89,1,False,2,29,
63.4,0,5179.68,3.07,1,59.3,67.8,13618.21,24461.46,47.43,-6342369.24,1,False,2,29,
63.96,0,5162.31,3.09,1,59.05,68.57,13876.38,24982.01,48,-6341875.59,1,False,2,29,
64.52,0,5144.85,3.1,1,58.8,69.33,14137.62,25513.09,48.59,-6341369.4,1,False,2,29,
65.08,0,5127.3,3.12,1,58.54,70.09,14401.98,26054.99,49.19,-6340849.69,1,False,2,29,
65.62,0,5109.65,3.14,1,58.28,70.83,14669.5,26607.93,49.79,-6340315.87,1,False,2,29,
66.18,0,5091.92,3.16,1,58.02,71.56,14940.23,27171.94,50.41,-6339767.62,1,False,2,29,
66.74,0,5074.09,3.18,1,57.76,72.28,15214.23,27746.92,51.03,-6339204.83,1,False,2,29,
67.3,0,5056.16,3.2,1,57.5,72.98,15491.53,28332.55,51.66,-6338627.62,1,False,2,29,
67.86,0,5038.14,3.22,1,57.24,73.66,15772.16,28928.31,52.3,-6338036.31,1,False,2,29,
68.42,0,5020.03,3.24,1,56.98,74.31,16056.15,29533.46,52.94,-6337431.46,1,False,2,29,
68.98,0,5001.82,3.26,1,56.72,74.92,16343.52,30147.33,53.59,-6336813.55,1,False,2,29,
69.69,0,4980.98,3.28,1,56.4,75.44,16708.29,30928.66,54.39,-6336020.71,1,False,2,29,
70.36,0,4958.78,3.31,1,56.08,75.92,17088.19,31745.21,55.22,-6335184.73,1,False,2,29,
71.16,0,4933.56,3.34,1,55.75,76.54,17495.49,32623.85,56.12,-6334277.39,1,False,2,29,
71.92,0,4908.16,3.37,1,55.42,76.76,17909.15,33520.31,57.02,-6333343.11,1,False,2,29,
72.68,0,4882.56,3.4,1,55.09,76.68,18329.22,34436.68,57.94,-6332378.85,1,False,2,29,
73.44,0,4856.76,3.43,1,54.76,76.54,18755.79,35373.78,58.86,-6331383.15,1,False,2,29,
74.2,0,4830.77,3.46,1,54.43,76.34,19188.94,36332.27,59.81,-6330354.78,1,False,2,29,
74.92,0,4804.58,3.49,1,54.1,76.1,19628.74,37312.81,60.76,-6329292.51,1,False,2,29,
75.72,0,4778.18,3.52,1,53.78,75.8,20075.28,38316.08,61.73,-6328195.12,1,False,2,29,
76.44,0,4751.58,3.55,1,53.46,75.44,20528.65,39342.76,62.71,-6327061.35,1,False,2,29,
77.24,0,4724.77,3.58,1,53.15,75.04,20988.94,40393.51,63.7,-6325890,1,False,2,29,
78,0,4697.74,3.61,1,52.84,74.58,21456.25,41468.47,64.72,-6324680.39,1,False,2,29,
78.76,0,4670.5,3.64,1,52.53,74.07,21930.64,42567.56,65.74,-6323432.12,1,False,2,29,
79.48,0,4643.04,3.67,1,52.22,73.5,22412.21,43690.78,66.78,-6322144.65,1,False,2,29,
80.28,0,4615.35,3.71,1,51.92,72.86,22901.02,44838.21,67.83,-6320817.31,1,False,2,29,
81.04,0,4587.43,3.74,1,51.62,72.17,23397.14,46010.06,68.89,-6319449.32,1,False,2,29,
81.8,0,4559.29,3.78,1,51.33,71.42,23900.64,47206.63,69.96,-6318039.79,1,False,2,29,
82.56,0,4530.91,3.81,1,51.03,70.62,24411.6,48428.39,71.05,-6316587.59,1,False,2,29,
83.32,0,4502.29,3.84,1,50.75,69.75,24930.07,49675.92,72.15,-6315091.5,1,False,2,29,
84.08,0,4473.42,3.88,1,50.46,68.83,25456.13,50949.96,73.26,-6313549.99,1,False,2,29,
84.8,0,4444.31,3.92,1,50.18,67.86,25989.86,52251.41,74.39,-6311961.47,1,False,2,29,
85.6,0,4414.95,3.95,1,49.9,66.84,26531.33,53581.39,75.53,-6310324.18,1,False,2,29,
86.36,0,4385.33,3.99,1,49.59,65.78,27080.62,54942,76.69,-6308635.26,1,False,2,29,
87.16,0,4353.89,4,0.99,49.21,64.61,27667.39,56406.6,77.93,-6306796.33,1,False,2,29,
87.92,0,4324.01,4,0.98,48.83,63.43,28232.97,57816.75,79.1,-6305002.62,1,False,2,29,
88.64,0,4294.14,4,0.97,48.44,62.2,28806.48,59246.67,80.28,-6303160,1,False,2,29,
89.44,0,4264.3,4,0.96,48.05,60.91,29387.88,60692.77,81.45,-6301272.12,1,False,2,29,
90.2,0,4234.48,4,0.96,47.65,59.56,29977.1,62146.3,82.61,-6299348.77,1,False,2,29,
90.96,0,4204.67,4,0.95,47.24,58.14,30573.99,63606.53,83.75,-6297388.25,1,False,2,29,
91.72,0,4174.88,4,0.94,46.81,56.68,31178.42,65073.03,84.88,-6295388.24,1,False,2,29,
92.48,0,4145.11,4,0.93,46.37,55.18,31790.28,66545.16,85.99,-6293346.18,1,False,2,29,
93.2,0,4115.35,4,0.92,45.92,53.61,32409.44,68022.13,87.09,-6291258.93,1,False,2,29,
94,0,4085.61,4,0.91,45.45,51.97,33035.76,69503.66,88.18,-6289123.63,1,False,2,29,
94.76,0,4055.88,4,0.9,44.96,50.31,33669.12,70987.62,89.25,-6286937.56,1,False,2,29,
95.52,0,4026.17,4,0.9,44.45,48.65,34309.37,72472.37,90.3,-6284698.32,1,False,2,29,
96.28,0,3996.48,4,0.89,43.93,46.99,34956.37,73955.83,91.34,-6282402.82,1,False,2,29,
97.04,0,3966.79,4,0.88,43.38,45.34,35609.94,75436.54,92.36,-6280048.51,1,False,2,29,
97.8,0,3937.13,4,0.87,42.83,43.7,36269.92,76912.32,93.35,-6277632.02,1,False,2,29,
98.56,0,3907.47,4,0.86,42.26,42.09,36936.13,78381.91,94.32,-6275150.57,1,False,2,29,
99.32,0,3877.83,4,0.86,41.68,40.51,37608.38,79843.49,95.28,-6272600.97,1,False,2,29,
100.08,0,3848.2,4,0.85,41.07,38.96,38286.49,81295.55,96.2,-6269980.59,1,False,2,29,
100.84,0,3818.59,4,0.84,40.44,37.45,38970.24,82734.83,97.1,-6267285.57,1,False,2,29,
101.56,0,3788.99,4,0.83,39.81,35.97,39659.42,84159.59,97.98,-6264512.78,1,False,2,29,
102.36,0,3759.4,4,0.83,39.16,34.54,40353.8,85568.84,98.82,-6261659.48,1,False,2,29,
103.08,0,3729.82,4,0.82,38.51,33.14,41053.18,86961.5,99.64,-6258722.86,1,False,2,29,
103.88,0,3700.25,4,0.81,37.86,31.78,41757.32,88336.7,100.44,-6255700.18,1,False,2,29,
104.64,0,3670.69,4,0.8,37.19,30.44,42466.01,89693.8,101.2,-6252588.79,1,False,2,29,
105.4,0,3641.15,4,0.8,36.53,29.14,43179.01,91032.41,101.94,-6249386.14,1,False,2,29,
106.16,0,3611.61,4,0.79,35.86,27.87,43896.12,92352.08,102.65,-6246089.61,1,False,2,29,
106.92,0,3582.09,4,0.78,35.2,26.65,44617.13,93653.33,103.33,-6242697.45,1,False,2,29,
107.68,0,3552.57,4,0.77,34.54,25.46,45341.83,94936.33,104,-6239207.77,1,False,2,29,
108.4,0,3523.07,4,0.77,33.89,24.31,46070.02,96201.55,104.63,-6235619.06,1,False,2,29,
109.2,0,3493.58,4,0.76,33.24,23.21,46801.51,97449.65,105.25,-6231930.11,1,False,2,29,
109.96,0,3464.1,4,0.75,32.61,22.16,47536.14,98681.49,105.85,-6228140,1,False,2,29,
110.72,0,3434.62,4,0.75,31.99,21.16,48273.72,99898.09,106.42,-6224248.23,1,False,2,29,
111.48,0,3405.16,4,0.74,31.39,20.2,49014.11,101100.6,106.98,-6220254.68,1,False,2,29,
112.24,0,3375.7,4,0.73,30.8,19.29,49757.16,102290.29,107.53,-6216159.45,1,False,2,29,
113,0,3346.26,4,0.73,30.23,18.42,50502.74,103468.26,108.06,-6211962.55,1,False,2,29,
113.76,0,3316.82,4,0.72,29.68,17.59,51250.72,104636.23,108.57,-6207664.47,1,False,2,29,
114.52,0,3287.39,4,0.71,29.15,16.76,52000.99,105795.8,109.08,-6203264.85,1,False,2,29,
115.28,0,3257.98,4,0.71,28.63,15.95,52753.47,106949.63,109.58,-6198762.31,1,False,2,29,
116.04,0,3228.57,4,0.7,28.13,15.18,53508.07,108098.63,110.07,-6194156.43,1,False,2,29,
116.76,0,3199.17,4,0.7,27.63,14.43,54264.73,109243.58,110.56,-6189446.72,1,False,2,29,
117.56,0,3169.77,4,0.69,27.15,13.71,55023.38,110385.32,111.05,-6184632.66,1,False,2,29,
118.28,0,3140.39,4,0.68,26.69,13.03,55783.96,111524.46,111.53,-6179713.81,1,False,2,29,
119.04,0,3111.01,4,0.68,26.23,12.38,56546.42,112661.49,112.01,-6174689.7,1,False,2,29,
119.84,0,3081.65,4,0.67,25.79,11.76,57310.7,113796.76,112.49,-6169559.9,1,False,2,29,
120.36,0,3063.83,4,0.67,25.5,11.35,57834.66,114571.63,112.81,-6165988.04,1,False,2,29,
121.08,0,3032.21,4,0.66,25.11,10.78,58601.93,115709.5,113.29,-6160682.36,1,False,2,29,
121.84,0,3002.86,4,0.66,24.67,10.25,59370.92,116844.13,113.76,-6155268.47,1,False,2,29,
122.6,0,2973.53,4,0.65,24.25,9.74,60141.58,117975.53,114.24,-6149746.59,1,False,2,29,
123.4,0,2944.2,4,0.64,23.85,9.27,60913.86,119104.52,114.71,-6144116.82,1,False,2,29,
124.16,0,2914.88,4,0.64,23.46,8.82,61687.7,120231.42,115.17,-6138379.01,1,False,2,29,
124.92,0,2885.57,4,0.63,23.07,8.4,62463.07,121356.36,115.64,-6132532.97,1,False,2,29,
125.68,0,2856.26,4,0.63,22.7,8,63239.9,122479.13,116.1,-6126578.3,1,False,2,29,
126.44,0,2826.97,4,0.62,22.33,7.62,64018.17,123599.52,116.57,-6120514.6,1,False,2,29,
127.2,0,2797.68,4,0.62,21.97,7.27,64797.8,124717.36,117.03,-6114341.38,1,False,2,29,
127.96,0,2768.4,4,0.61,21.61,6.93,65578.77,125832.48,117.49,-6108058.08,1,False,2,29,
128.72,0,2739.13,4,0.6,21.27,6.61,66361.01,126944.78,117.94,-6101664.02,1,False,2,29,
129.48,0,2709.86,4,0.6,20.92,6.3,67144.47,128054.24,118.4,-6095158.39,1,False,2,29,
130.24,0,2680.61,4,0.59,20.59,6,67929.12,129160.93,118.85,-6088540.18,1,False,2,29,
131,0,2651.36,4,0.59,20.26,5.72,68714.89,130264.79,119.3,-6081808.48,1,False,2,29,
131.76,0,2622.12,4,0.58,19.93,5.44,69501.75,131365.72,119.75,-6074962.43,1,False,2,29,
132.52,0,2592.88,4,0.58,19.61,5.18,70289.64,132463.6,120.19,-6068001.21,1,False,2,29,
133.28,0,2563.66,4,0.57,19.29,4.93,71078.51,133558.28,120.64,-6060924.03,1,False,2,29,
134.04,0,2534.44,4,0.57,18.98,4.7,71868.33,134649.6,121.08,-6053730.14,1,False,2,29,
134.8,0,2505.23,4,0.56,18.67,4.47,72659.02,135737.39,121.52,-6046418.82,1,False,2,29,
135.56,0,2476.03,4,0.56,18.37,4.26,73450.56,136821.46,121.96,-6038989.36,1,False,2,29,
136.28,0,2446.83,4,0.55,18.07,4.06,74242.87,137901.61,122.4,-6031441.1,1,False,2,29,
137.08,0,2417.65,4,0.55,17.77,3.87,75035.93,138977.64,122.84,-6023773.39,1,False,2,29,
137.84,0,2388.47,4,0.54,17.48,3.69,75829.66,140049.34,123.27,-6015985.61,1,False,2,29,
138.56,0,2359.29,4,0.54,17.19,3.54,76624.02,141115.95,123.7,-6008078.47,1,False,2,29,
139.32,0,2330.13,4,0.53,16.91,3.4,77418.95,142176.85,124.13,-6000052.35,1,False,2,29,
140.12,0,2300.97,4,0.53,16.63,3.26,78214.39,143232.04,124.55,-5991906.63,1,False,2,29,
140.88,0,2271.83,4,0.52,16.36,3.13,79010.28,144281.44,124.97,-5983640.6,1,False,2,29,
141.64,0,2242.68,4,0.52,16.09,3.01,79806.56,145324.95,125.39,-5975253.5,1,False,2,29,
142.4,0,2213.55,4,0.52,15.82,2.89,80603.18,146362.52,125.8,-5966744.53,1,False,2,29,
143.16,0,2184.42,4,0.51,15.56,2.78,81400.07,147394.1,126.21,-5958112.81,1,False,2,29,
143.92,0,2155.31,4,0.51,15.3,2.67,82197.19,148419.69,126.62,-5949357.36,1,False,2,29,
144.64,0,2126.19,4,0.5,15.04,2.57,82994.46,149438.99,127.02,-5940478.04,1,False,2,29,
145.44,0,2097.09,4,0.5,14.79,2.48,83791.84,150451.62,127.42,-5931475.02,1,False,2,29,
146.2,0,2067.99,4,0.49,14.54,2.39,84589.25,151457.82,127.82,-5922346.94,1,False,2,29,
146.96,0,2038.91,4,0.49,14.29,2.3,85386.66,152457.79,128.21,-5913092.43,1,False,2,29,
147.72,0,2009.83,4,0.48,14.05,2.21,86183.99,153451.55,128.61,-5903710.27,1,False,2,29,
148.48,0,1980.75,4,0.48,13.81,2.12,86981.21,154439.18,128.99,-5894199.25,1,False,2,29,
149.24,0,1951.69,4,0.48,13.57,2.03,87778.24,155420.71,129.38,-5884558.16,1,False,2,29,
150,0,1922.63,4,0.47,13.33,1.95,88575.04,156396.18,129.76,-5874785.78,1,False,2,29,
150.76,0,1893.58,4,0.47,13.1,1.87,89371.56,157365.63,130.15,-5864880.88,1,False,2,29,
151.52,0,1864.53,4,0.46,12.86,1.8,90167.74,158329.11,130.53,-5854842.25,1,False,2,29,
152.28,0,1835.5,4,0.46,12.63,1.72,90963.53,159286.63,130.9,-5844668.65,1,False,2,29,
153.04,0,1806.47,4,0.46,12.41,1.65,91758.89,160238.23,131.28,-5834358.87,1,False,2,29,
153.8,0,1777.45,4,0.45,12.18,1.58,92553.76,161183.92,131.65,-5823911.65,1,False,2,29,
154.56,0,1748.43,4,0.45,11.96,1.51,93348.09,162123.73,132.02,-5813325.73,1,False,2,29,
155.32,0,1719.43,4,0.44,11.74,1.45,94141.83,163057.69,132.39,-5802599.86,1,False,2,29,
156.08,0,1690.43,4,0.44,11.53,1.39,94934.94,163985.82,132.76,-5791732.73,1,False,2,29,
156.84,0,1661.43,4,0.44,11.31,1.33,95727.37,164908.18,133.13,-5780722.89,1,False,2,29,
157.6,0,1632.45,4,0.43,11.1,1.27,96519.07,165824.8,133.5,-5769568.95,1,False,2,29,
158.36,0,1603.47,4,0.43,10.89,1.22,97309.99,166735.71,133.86,-5758269.57,1,False,2,29,
159.12,0,1574.5,4,0.42,10.68,1.16,98100.09,167640.95,134.23,-5746823.41,1,False,2,29,
159.88,0,1545.54,4,0.42,10.48,1.11,98889.33,168540.55,134.59,-5735229.16,1,False,2,29,
160.64,0,1516.59,4,0.42,10.27,1.06,99677.65,169434.57,134.96,-5723485.48,1,False,2,29,
161.4,0,1487.64,4,0.41,10.07,1.01,100465.01,170323.03,135.32,-5711591.04,1,False,2,29,
162.16,0,1458.7,4,0.41,9.87,0.96,101251.38,171205.95,135.68,-5699544.55,1,False,2,29,
162.92,0,1429.76,4,0.41,9.68,0.92,102036.7,172083.36,136.04,-5687344.68,1,False,2,29,
163.68,0,1400.84,4,0.4,9.48,0.88,102820.94,172955.29,136.41,-5674990.18,1,False,2,29,
164.44,0,1371.92,4,0.4,9.29,0.83,103604.05,173821.74,136.77,-5662479.84,1,False,2,29,
165.2,0,1343.01,4,0.4,9.1,0.79,104385.99,174682.64,137.13,-5649812.38,1,False,2,29,
165.96,0,1314.1,4,0.39,8.91,0.76,105166.71,175538.09,137.49,-5636986.63,1,False,2,29,
166.72,0,1285.2,4,0.39,8.72,0.72,105946.18,176388.02,137.85,-5624001.25,1,False,2,29,
167.48,0,1256.31,4,0.39,8.54,0.68,106724.36,177232.6,138.22,-5610855.01,1,False,2,29,
168.24,0,1227.43,4,0.38,8.35,0.65,107501.2,178071.77,138.58,-5597546.55,1,False,2,29,
169,0,1198.55,4,0.38,8.17,0.62,108276.67,178905.63,138.94,-5584074.51,1,False,2,29,
169.76,0,1169.68,4,0.38,7.99,0.59,109050.73,179734.2,139.3,-5570437.49,1,False,2,29,
170.52,0,1140.82,4,0.37,7.82,0.56,109823.33,180557.47,139.67,-5556634.05,1,False,2,29,
171.28,0,1111.97,4,0.37,7.64,0.53,110594.44,181375.44,140.03,-5542662.66,1,False,2,29,
172.04,0,1083.12,4,0.37,7.47,0.51,111364.02,182188.15,140.4,-5528521.82,1,False,2,29,
172.8,0,1054.28,4,0.36,7.3,0.48,112132.04,182995.73,140.77,-5514209.97,1,False,2,29,
173.56,0,1025.44,4,0.36,7.12,0.46,112898.45,183798.11,141.14,-5499725.43,1,False,2,29,
174.32,0,996.62,4,0.36,6.96,0.43,113663.22,184595.38,141.51,-5485066.5,1,False,2,29,
175.08,0,967.8,4,0.35,6.79,0.41,114426.31,185387.68,141.88,-5470231.46,1,False,2,29,
175.84,0,938.98,4,0.35,6.62,0.39,115187.69,186174.92,142.25,-5455218.52,1,False,2,29,
176.6,0,910.18,4,0.35,6.46,0.37,115947.32,186957.33,142.62,-5440025.71,1,False,2,29,
177.36,0,881.38,4,0.34,6.3,0.35,116705.18,187735.04,143,-5424651.06,1,False,2,29,
178.12,0,852.59,4,0.34,6.14,0.33,117461.21,188507.99,143.38,-5409092.63,1,False,2,29,
178.88,0,823.8,4,0.34,5.98,0.31,118215.4,189276.32,143.76,-5393348.55,1,False,2,29,
179.6,0,795.02,4,0.34,5.82,0.29,118967.7,190040.04,144.15,-5377416.94,1,False,2,29,
180.52,0,760.58,4,0.33,5.64,0.27,119836.4,190918.57,144.59,-5358733.03,1,False,2,29,
181.28,0,732.95,4,0.33,5.49,0.25,120584.54,191673.21,144.99,-5342390.65,1,False,2,29,
182.04,0,704.19,4,0.33,5.34,0.24,121330.69,192422.99,145.38,-5325854.69,1,False,2,29,
182.8,0,675.44,4,0.32,5.18,0.22,122074.84,193168.06,145.78,-5309123.37,1,False,2,29,
183.52,0,646.69,4,0.32,5.08,0.21,122816.95,193907.35,146.18,-5292194.21,1,False,2,29,
184.32,0,617.96,4,0.32,5.05,0.2,123557.03,194650.73,146.59,-5275068.63,1,False,2,29,
185.08,0,589.23,4,0.32,5.04,0.18,124295.08,195400.25,147.01,-5257745.27,1,False,2,29,
185.84,0,560.5,4,0.31,5.03,0.17,125031.12,196156.23,147.45,-5240222.6,1,False,2,29,
186.6,0,531.79,4,0.31,5.03,0.16,125765.16,196919.2,147.91,-5222499.09,1,False,2,29,
187.36,0,503.08,4,0.31,5.03,0.15,126497.24,197689.34,148.38,-5204572.81,1,False,2,29,
